# of values,0,1,4,9,16
QS_NT,0.003054,0.000006,0.000926,0.001449,0.006173
QSSS_NT,0.000945,0.000006,0.000509,0.000433,0.000405
QS_T,0.000834,0.000005,0.009100,0.006301,0.011219
QSSS_T,0.001017,0.000003,0.006397,0.006235,0.006421
